<?xml version="1.0" encoding="utf-8"?>
<extension type="component" version="3.2.0" method="upgrade">
 
	<name>COM_MEMBERS</name>
	<!-- The following elements are optional and free of formatting constraints -->
	<creationDate>30 June 2020</creationDate>
	<author>Geoff Markley</author>
	<authorEmail>geoffm@labyrinth.net.au</authorEmail>
	<authorUrl>http://www.ormondskiclub.com.au</authorUrl>
	<copyright>Copyright Info</copyright>
	<license>License Info</license>
	<!--  The version string is recorded in the components table -->
	<version>1.12.07</version>
	<!-- The description is optional and defaults to the name -->
	<description>COM_MEMBERS_DESCRIPTION</description>
 
	<install> <!-- Runs on install -->
		<sql>
			<file driver="mysql" charset="utf8">sql/install.mysql.utf8.sql</file>
		</sql>
	</install>
	<uninstall> <!-- Runs on uninstall -->
		<sql>
			<file driver="mysql" charset="utf8">sql/uninstall.mysql.utf8.sql</file>
		</sql>
	</uninstall>
	<update> <!-- Runs on update; New since J2.5 -->
		<schemas>
			<schemapath type="mysql">sql/updates/mysql</schemapath>
		</schemas>
	</update>
 
	<!-- Site Main File Copy Section -->
	<!-- Note the folder attribute: This attribute describes the folder
		to copy FROM in the package to install therefore files copied
		in this section are copied from /site/ in the package -->
	<files folder="site">
		<filename>index.html</filename>
		<filename>members.php</filename>
		<filename>controller.php</filename>
		<!-- views files section -->
		<folder>views</folder>
		<!-- models files section -->
		<folder>models</folder>
		<!-- table files section -->
		<folder>tables</folder>
		<!-- controller files section -->
		<folder>controllers</folder>
	
	</files>
     <languages folder="site/language">
      		<language tag="en-GB">en-GB/en-GB.com_members.ini</language>
  	</languages>
	<administration>
		<!-- Administration Menu Section -->
		<menu link='index.php?option=com_members'>COM_MEMBERS_MENU</menu>
		<submenu>
			<menu link="option=com_members&amp;view=memberfamilies" view="memberfamilies"
				img="class:members-memberfamilies" alt="members/memberfamilies">COM_MEMBERS_FAMILYMEMBERS_MENU</menu>
		</submenu>
		<!-- Administration Main File Copy Section -->
		<!-- Note the folder attribute: This attribute describes the folder
			to copy FROM in the package to install therefore files copied
			in this section are copied from /admin/ in the package -->
		<files folder="admin">
			<!-- Admin Main File Copy Section -->
			<filename>index.html</filename>
			<filename>members.php</filename>
			<filename>controller.php</filename>
			<!-- SQL files section -->
			<folder>sql</folder>
			<!-- models files section -->
			<folder>models</folder>
			<!-- views files section -->
			<folder>views</folder>
			<!-- controller files section -->
			<folder>controllers</folder>
			<!-- table files section -->
			<folder>tables</folder>
		</files>
		<languages folder="admin/language">
        		<language tag="en-GB">en-GB/en-GB.com_members.ini</language>
                <language tag="en-GB">en-GB/en-GB.com_members.sys.ini</language>
		</languages>		
	</administration>
 
</extension>